{
  "AuthorName": "MinorMole",
  "AuthorEmail": "FansubTH.001@gmail.com",
  "AuthorDescription": "English language for KONAYUKI PLUS",
  "frmMain": {
    "lblSameInput": "Enable this the output path will be the same as an input path",
	"togSameInput": "Enable this the output path will be the same as an input path",
    "txtIntro": "Intro",
    "txtIntroMusic": "Intro Music (If the field is blank, music from Intro will be used, or no sound if use picture for Intro)",
    "txtEndCard": "EndCard",
    "txtEndCardMusic": "EndCard Music (If the field is blank, music from EndCard will be used, or no sound if use picture for EndCard)",
    "txtKaraokeOP": "OP Karaoke Subtitle (For separated Karaoke file from the main subtitle)",
    "txtKaraokeED": "ED Karaoke Subtitle (For separated Karaoke file from the main subtitle)",
    "txtSubtitle": "Subtitle",
    "txtClipDeailsAuthor": "Author Name",
    "txtClipDeailsCopyright": "Copyright Name",
    "txtClipDeailsName": "Title Name",
    "txtClipDeailsDescription": "Description",
    "cboVideoEncoder": "Choose video encoder\r\nH.264 is compatible with any device\r\nHEVC give a smaller file size with the same quality as H.264 but an only modern device is supported",
    "tbVideo": "Choose the video quality by adjust CRF/QP value.\r\nIt'll affect file size, the lower the value the better quality and the bigger the file size, give opposite result in the higher value.\r\nH.264 and HEVC not use the same value please use the recommend value",
    "cboVideoPreset": "The speed of the encoder, will affect file size and quality\r\nRecommend to use Medium or Balanced",
    "cboVideoRemover": "Remove noise in the video, give very good result but in return encode time will be much longer.",
    "tbVideoLineDarkener": "Make the line darker, best for Anime",
    "tbVideoSharpen": "Make the video sharper",
    "tbVideoWarpSharp": "Make the line slimmer, best for Anime",
    "cboVideoResize": "Change video resolution",
    "cboVideoSmooth": "60FPS frame interpolation give smoother video but in return encode time will be much longer",
    "cboColorDebanding": "Remove color banding that happend with an old Anime file",
    "tbColorBrightness": "Video Brightness",
    "tbColorContrast": "Video Contrast",
    "tbColorSaturation": "Video Saturation",
    "cboAudioFormat": "Audio Encoder\r\nAAC for TV Anime\r\nFLAC for Blu-Ray Anime",
    "cboAudioQuality": "The AAC audio quality\r\nFLAC is not needed, because it's a lossless format",
	"cboAudioSampleRates": "Sample rate is the amount of audio samples of audio collected per second\r\nThe human ear can't distinguish the differences between frequencies 44.1 kHz and 48 kHz, both are good\r\nJust in case, it is better to leave the same frequency as the source file",
	"cboAudioTrack": "Select audio track from the source file",
	"cboAudioTrack2": "Select audio track from the source file",
    "tbVolumeSource": "Source Volume",
    "tbVolumeIntro": "Intro Volume",
    "tbVolumeEndCard": "EndCard Volume",
    "cboTransition": "Choose transition for Intro/EndCard",
    "txtIntroTransition": "Choose Custom Transition for Intro",
    "txtIntroTransitionOverlay": "Choose Custom Overlay Transition for Intro (Optional)",
    "txtEndCardTransition": "Choose Custom Transition for EndCard",
    "txtEndCardTransitionOverlay": "Choose Custom Overlay Transition for EndCard (Optional)",
    "txtLogo": "Logo file",
    "cboLogoBlend": "Choose Blend mode for Logo insertion",
    "tbLogoOpacity": "Logo opacity",
    "txtLogoSubtitle": "Logo subtitle file",
    "cboCIR": "Choose style",
    "tbRemoverLevel1": "Level 1",
    "tbRemoverLevel2": "Level 2",
    "txtOutput": "Choose the save location for output file",
	"btnAdd": "Add File",
	"btnDel": "Delete File",
	"btnSetting": "Settings",
	"btnInfo": "Information",
	"btnFonts": "Fonts Finder",
	"btnPreview": "Preview",
	"btnStart": "Start Encode",
	"btnStop": "Stop/Pause Encode",
	"btnReset": "Default Settings",
	"TogPreview": "Enable Preview",
	"btnPlay": "PLAY",
	"btnPause": "PAUSE",
	"btnStoped": "STOP",
	"btnDecreaseSpeed": "DECREASE SPEED",
	"btnIncreaseSpeed": "INCREASE SPEED",
	"btnPreviousFrame": "PREVIOUS FRAME",
	"btnNextFrame": "NEXT FRAME",
	"btnGoTo": "GO TO FRAME",
	"btnComp": "COMPARE MODE",
	"btnFullScreen": "FULL SCREEN",
	"btnMute": "MUTE"
  },
  "frmConfig": {
    "chkAutoSub": "Auto-Load Subtitle",
    "chkMT": "Multithreading",
    "chkSDL": "Preview while encoding (May affect performance)",
    "chkCRC32": "Add CRC32 at the end of filename",
    "lblAfterCompletion": "After Completion",
    "btnNotifySound": "None",
    "lblNotifySound": "Sound"
  },
  "avsMsg": {
    "AVS_LANGUAGE": "English",
    "COMMON_ERROR": "ERROR : Please Contact https://m.me/Konayuki.moe",
	"COMMON_SUPPORT": "If it still not working, Please Contact https://m.me/Konayuki.moe",
    "KONAYUKI_INPUT_ERROR": "LOADER ERROR : Please Contact https://m.me/Konayuki.moe",
    "SOURCE_INPUT_ERROR": "SOURCE FILE NOT FOUND",
    "INTRO_ENDCARD_INPUT_ERROR": "INTRO/ENDCARD FILE NOT FOUND",
    "INTRO_ENDCARD_MUSIC_INPUT_ERROR": "INTRO MUSIC/ENDCARD MUSIC FILE NOT FOUND",
    "RGBA_INPUT_ERROR": "RGBA INPUT ERROR : Please Contact https://m.me/Konayuki.moe",
    "SUBTITLE_EMPTY_ERROR": "PLEASE SELECT SUBTITLE FILE, OR DISABLE IT",
    "SUBTITLE_INPUT_ERROR": "SUBTITLE FILE NOT FOUND",
    "SUBTITLE_PGS_INPUT_ERROR": "PGS SUBTITLE FILE NOT FOUND",
    "KARAOKE_OP_INPUT_ERROR": "KARAOKE OP FILE NOT FOUND",
    "KARAOKE_ED_INPUT_ERROR": "KARAOKE ED FILE NOT FOUND",
    "KARAOKE_INPUT_ERROR": "KARAOKE SUBTITLE FILE NOT FOUND",
    "KARAOKE_PGS_INPUT_ERROR": "KARAOKE PGS SUBTITLE FILE NOT FOUND",
    "ENHANCER_ERROR": "ENHANCER ERROR : Please Contact https://m.me/Konayuki.moe",
    "COMPARE_BEFORE": "BEFORE",
    "COMPARE_AFTER": "AFTER",
    "COMPARE_DIFF1": "DIFFERENT",
    "COMPARE_DIFF2": "AMPLIFY DIFFERENT",
    "COMPARE_NO_DIFF": "THERE IS NO DIFFERENT TO COMPARE",
    "LOGO_EMPTY_ERROR": "PLEASE SELECT LOGO FILE, OR DISABLE IT",
    "LOGO_INPUT_ERROR": "LOGO FILE NOT FOUND",
    "LOGO_IMAGE_INPUT_ERROR": "IMAGE LOGO FILE NOT FOUND",
    "LOGO_VIDEO_INPUT_ERROR": "VIDEO LOGO FILE NOT FOUND",
    "LOGO_ASS_EMPTY_ERROR": "PLEASE SELECT SUBTITLE LOGO FILE, OR DISABLE IT",
    "LOGO_ASS_INPUT_ERROR": "SUBTITLE LOGO FILE NOT FOUND",
    "LOGO_PGS_INPUT_ERROR": "LOGO PGS FILE NOT FOUND",
    "FADE_ERROR": "FADE ERROR : Please Contact https://m.me/Konayuki.moe",
    "DISSOLVE_ERROR": "DISSOLVE ERROR : Please Contact https://m.me/Konayuki.moe",
    "CUSTOM_TRANSITION_EMPTY_ERROR": "PLEASE SELECT CUSTOM TRANSITION FILE, OR DISABLE IT",
    "CUSTOM_TRANSITION_INPUT_ERROR": "CUSTOM TRANSITION FILE NOT FOUND",
    "CUSTOM_TRANSITION_OVERLAY_INPUT_ERROR": "OVERLAY TRANSITION FILE NOT FOUND"
  }
}