{
  "AuthorName": "MinorMole",
  "AuthorEmail": "FansubTH.001@gmail.com",
  "AuthorDescription": "English language for KONAYUKI PLUS",
  "frmMain": {
    "lblSameInput": "Enable this to set the output path to the same as an input path",
	"togSameInput": "Enable this to set the output path to the same as an input path",
    "txtIntro": "Intro",
    "txtIntroMusic": "Intro Music (If blank music from Intro will be used, or no sound if use Intro picture)",
    "txtEndCard": "EndCard",
    "txtEndCardMusic": "EndCard Music (If blank music from EndCard will be used, or no sound if use EndCard picture)",
    "txtKaraokeOP": "OP Karaoke Subtitle (For separated Karaoke file from main subtitle)",
    "txtKaraokeED": "ED Karaoke Subtitle (For separated Karaoke file from main subtitle)",
    "cboKaraoke": "Choose VSFilter for Karaoke file",
    "txtSubtitle": "Subtitle",
    "cboSubtitle": "Choose VSFilter for subtitle",
    "txtClipDeailsAuthor": "Author Name",
    "txtClipDeailsCopyright": "Copyright Name",
    "txtClipDeailsName": "Title Name",
    "txtClipDeailsDescription": "Description",
    "cboVideoEncoder": "Choose video encoder\r\nH.264 is compatible with any device\r\nHEVC give smaller size with the same quality as H.264 but not any device is supported",
    "cboVideoRaw": "Choose the corrected Raw source to match the subtitle with video as same as show in Aegisub",
    "tbVideo": "Choose video quality, will affect file size\r\nH.264 and HEVC not use the same value please see the recommend value",
    "cboVideoPreset": "The speed of encoder, will affect file size and quality\r\nRecommend to use Medium",
    "cboVideoRemover": "Remove noise in video, give very good result but in return encode time will be longer\r\nCan't be used with GPU encoder",
    "tbVideoLineDarkener": "Make the line darker, best for Anime",
    "tbVideoSharpen": "Make the video sharper",
    "tbVideoWarpSharp": "Make the line slimmer, best for Anime",
    "cboVideoResize": "Change video resolution",
    "cboVideoSmooth": "60FPS frame interpolation give smoother video but in return encode time will be longer",
    "cboColorDebanding": "Remove color banding that happend with an old Anime file",
    "tbColorBrightness": "Video Brightness",
    "tbColorContrast": "Video Contrast",
    "tbColorSaturation": "Video Saturation",
    "cboAudioFormat": "Audio Encoder\r\nAAC for TV Anime\r\nFLAC for Blu-Ray Anime",
    "cboAudioQuality": "The AAC audio quality\r\nFLAC is not need, because it's lossless format",
	"cboAudioSampleRates": "Sample rate is the amount of audio samples of audio collected per second\r\nThe human ear can't distinguish the differences between frequencies 44.1 kHz and 48 kHz, but both are good\r\nJust in case, it is better to leave the same frequency as the source",
	"cboAudioTrack": "Select audio track from the source file",
	"cboAudioTrack2": "Select audio track from the source file",
    "tbVolumeSource": "Source Volume",
    "tbVolumeIntro": "Intro Volume",
    "tbVolumeEndCard": "EndCard Volume",
    "cboTransition": "Choose transition for Intro/EndCard",
    "txtIntroTransition": "Choose Custom Transition for Intro",
    "txtIntroTransitionOverlay": "Choose Custom Overlay Transition for Intro (Optional)",
    "txtEndCardTransition": "Choose Custom Transition for EndCard",
    "txtEndCardTransitionOverlay": "Choose Custom Overlay Transition for EndCard (Optional)",
    "txtLogo": "Logo file",
    "cboLogoBlend": "Choose Blend mode for Logo insertion",
    "tbLogoOpacity": "Logo opacity",
    "txtLogoSubtitle": "Logo subtitle file",
    "cboCIR": "Choose style",
    "tbRemoverLevel1": "Level 1",
    "tbRemoverLevel2": "Level 2",
    "txtOutput": "Choose the save location for output file",
	"btnAdd": "Add File",
	"btnDel": "Delete File",
	"btnSetting": "Settings",
	"btnInfo": "Information",
	"btnPreview": "Preview",
	"btnStart": "Start Encode",
	"btnStop": "Stop/Pause Encode"
  },
  "frmConfig": {
    "chkAutoSub": "Auto-Load Subtitle",
    "chkMT": "Multithreading",
    "chkSDL": "Preview while encoding (May affect performance)",
    "chkCRC32": "Add CRC32 at the end of filename",
    "lblAfterCompletion": "After Completion",
    "btnNotifySound": "None",
    "lblNotifySound": "Sound"
  },
  "avsMsg": {
    "AVS_LANGUAGE": "English",
    "COMMON_ERROR": "Error : Please Contact https://m.me/Konayuki.moe",
    "KONAYUKI_LOADER_ERROR": "Konayuki Loader Error : Please Contact https://m.me/Konayuki.moe",
    "SOURCE_LOADER_ERROR_LINE1": "Source file not found or path/file name contain non-UTF-8 character.",
    "SOURCE_LOADER_ERROR_LINE2": "Please check your path/file name.",
    "SOURCE_LOADER_ERROR_LINE3": "Program only support UTF-8 characters.",
    "SOURCE_INPUT_ERROR_LINE1": "Source Input Error : Maybe Source file is corrupt please change the file.",
    "SOURCE_INPUT_ERROR_LINE2": "If it still not working, Please Contact https://m.me/Konayuki.moe",
    "INTRO_ENDCARD_LOADER_ERROR_LINE1": "Intro/EndCard file not found or path/file name contain non-UTF-8 character.",
    "INTRO_ENDCARD_LOADER_ERROR_LINE2": "Please check your path/file name.",
    "INTRO_ENDCARD_LOADER_ERROR_LINE3": "Program only support UTF-8 characters.",
    "INTRO_ENDCARD_MUSIC_LOADER_ERROR_LINE1": "Intro Music/EndCard Music file not found or path/file name contain non-UTF-8 character.",
    "INTRO_ENDCARD_MUSIC_LOADER_ERROR_LINE2": "Please check your path/file name.",
    "INTRO_ENDCARD_MUSIC_LOADER_ERROR_LINE3": "Program only support UTF-8 characters.",
    "INTRO_ENDCARD_INPUT_ERROR_LINE1": "Intro/EndCard Input Error : Maybe file is corrupt please change the file.",
    "INTRO_ENDCARD_INPUT_ERROR_LINE2": "If it still not working, Please Contact https://m.me/Konayuki.moe",
    "RGBA_INPUT_ERROR": "RGBA Input Error : Please Contact https://m.me/Konayuki.moe",
    "SUBTITLE_EMPTY_ERROR": "Please select Subtitle file, or disable it.",
    "SUBTITLE_LOADER_ERROR_LINE1": "Subtitle file not found or path/file name contain non-UTF-8 character.",
    "SUBTITLE_LOADER_ERROR_LINE2": "Please check your path/file name.",
    "SUBTITLE_LOADER_ERROR_LINE3": "Program only support UTF-8 characters.",
    "SUBTITLE_INPUT_ERROR_LINE1": "Subtitle Error : Maybe Subtitle file is corrupt please change the file.",
    "SUBTITLE_INPUT_ERROR_LINE2": "If it still not working, Please Contact https://m.me/Konayuki.moe",
    "SUBTITLE_PGS_INPUT_ERROR_LINE1": "PGS Subtitle Error : Maybe PGS file is corrupt please change the file.",
    "SUBTITLE_PGS_INPUT_ERROR_LINE2": "If it still not working, Please Contact https://m.me/Konayuki.moe",
    "KARAOKE_OP_LOADER_ERROR_LINE1": "Karaoke OP file not found or path/file name contain non-UTF-8 character.",
    "KARAOKE_OP_LOADER_ERROR_LINE2": "Please check your path/file name.",
    "KARAOKE_OP_LOADER_ERROR_LINE3": "Program only support UTF-8 characters.",
    "KARAOKE_ED_LOADER_ERROR_LINE1": "Karaoke ED file not found or path/file name contain non-UTF-8 character.",
    "KARAOKE_ED_LOADER_ERROR_LINE2": "Please check your path/file name.",
    "KARAOKE_ED_LOADER_ERROR_LINE3": "Program only support UTF-8 characters.",
    "KARAOKE_INPUT_LOADER_ERROR_LINE1": "Karaoke Error : Maybe Karaoke file is corrupt please change the file.",
    "KARAOKE_INPUT_LOADER_ERROR_LINE2": "If it still not working, Please Contact https://m.me/Konayuki.moe",
    "KARAOKE_PGS_LOADER_ERROR_LINE1": "Karaoke PGS Error : Maybe Karaoke PGS file is corrupt please change the file.",
    "KARAOKE_PGS_LOADER_ERROR_LINE2": "If it still not working, Please Contact https://m.me/Konayuki.moe",
    "GPU_WITH_NOISE_REMOVER": "GPU Encoder not supported Noise Remover!",
    "ENHANCER_ERROR": "Enhancer Error : Please Contact https://m.me/Konayuki.moe",
    "COMPARE_BEFORE": "Before",
    "COMPARE_AFTER": "After",
    "COMPARE_DIFF1": "Different",
    "COMPARE_DIFF2": "Amplify Different",
    "COMPARE_NO_DIFF": "Cannot compare because there is no different.",
    "LOGO_EMPTY_ERROR": "Please select Logo file, or disable it.",
    "LOGO_LOADER_ERROR_LINE1": "Logo file not found or path/file name contain non-UTF-8 character.",
    "LOGO_LOADER_ERROR_LINE2": "Please check your path/file name.",
    "LOGO_LOADER_ERROR_LINE3": "Program only support UTF-8 characters.",
    "LOGO_IMAGE_INPUT_ERROR_LINE1": "Image Logo Error : Maybe Image Logo file is corrupt please change the file.",
    "LOGO_IMAGE_INPUT_ERROR_LINE2": "If it still not working, Please Contact https://m.me/Konayuki.moe",
    "LOGO_VIDEO_INPUT_ERROR_LINE1": "Video Logo Error : Maybe Video Logo file is corrupt please change the file.",
    "LOGO_VIDEO_INPUT_ERROR_LINE2": "If it still not working, Please Contact https://m.me/Konayuki.moe",
    "LOGO_ASS_EMPTY_ERROR": "Please select Subtitle Logo file, or disable it.",
    "LOGO_ASS_LOADER_ERROR_LINE1": "Subtitle Logo file not found or path/file name contain non-UTF-8 character.",
    "LOGO_ASS_LOADER_ERROR_LINE2": "Please check your path/file name.",
    "LOGO_ASS_LOADER_ERROR_LINE3": "Program only support UTF-8 characters.",
    "LOGO_ASS_INPUT_ERROR_LINE1": "Logo PGS Error : Maybe Logo PGS file is corrupt please change the file.",
    "LOGO_ASS_INPUT_ERROR_LINE2": "If it still not working, Please Contact https://m.me/Konayuki.moe",
    "FADE_ERROR": "Fade Error : Please Contact https://m.me/Konayuki.moe",
    "DISSOLVE_ERROR": "Dissolve Error : Please Contact https://m.me/Konayuki.moe",
    "CUSTOM_TRANSITION_EMPTY_ERROR": "Please select Custom Transition file, or disable it.",
    "CUSTOM_TRANSITION_LOADER_ERROR_LINE1": "Custom Transition file not found or path/file name contain non-UTF-8 character.",
    "CUSTOM_TRANSITION_LOADER_ERROR_LINE2": "Please check your path/file name.",
    "CUSTOM_TRANSITION_LOADER_ERROR_LINE3": "Program only support UTF-8 characters.",
    "CUSTOM_TRANSITION_OVERLAY_LOADER_ERROR_LINE1": "Overlay Transition file not found or path/file name contain non-UTF-8 character.",
    "CUSTOM_TRANSITION_OVERLAY_LOADER_ERROR_LINE2": "Please check your path/file name.",
    "CUSTOM_TRANSITION_OVERLAY_LOADER_ERROR_LINE3": "Program only support UTF-8 characters.",
    "CUSTOM_TRANSITION_INPUT_ERROR_LINE1": "Custom Transition Error : Maybe Custom Transition file is corrupt please change the file.",
    "CUSTOM_TRANSITION_INPUT_ERROR_LINE2": "If it still not working, Please Contact https://m.me/Konayuki.moe"
  }
}