{
  "AuthorName": "MinorMole",
  "AuthorEmail": "FansubTH.001@gmail.com",
  "AuthorDescription": "English language for KONAYUKI PLUS",
  "frmMain": {
    "lblSameInput": "Enable this to set the output path to the same as an input path",
	"togSameInput": "Enable this to set the output path to the same as an input path",
    "txtIntro": "Intro",
    "txtIntroMusic": "Intro Music (If blank music from Intro will be used, or no sound if use Intro picture)",
    "txtEndCard": "EndCard",
    "txtEndCardMusic": "EndCard Music (If blank music from EndCard will be used, or no sound if use EndCard picture)",
    "txtKaraokeOP": "OP Karaoke Subtitle (For separated Karaoke file from main subtitle)",
    "txtKaraokeED": "ED Karaoke Subtitle (For separated Karaoke file from main subtitle)",
    "cboOPKaraoke": "Choose VSFilter for OP Karaoke file",
	"cboEDKaraoke": "Choose VSFilter for ED Karaoke file",
    "txtSubtitle": "Subtitle",
    "cboSubtitle": "Choose VSFilter for subtitle",
    "txtClipDeailsAuthor": "Author Name",
    "txtClipDeailsCopyright": "Copyright Name",
    "txtClipDeailsName": "Title Name",
    "txtClipDeailsDescription": "Description",
    "cboVideoEncoder": "Choose video encoder\r\nH.264 is compatible with any device\r\nHEVC give smaller size with the same quality as H.264 but not any device is supported",
    "cboVideoRaw": "Choose the corrected Raw source to match the subtitle with video as same as show in Aegisub",
    "tbVideo": "Choose the video quality by adjust CRF/QP value.\r\nIt'll affect file size, the lower the value the better quality and the bigger the file size, give opposite result in the higher value.\r\nH.264 and HEVC not use the same value please see the recommend value",
    "cboVideoPreset": "The speed of encoder, will affect file size and quality\r\nRecommend to use Medium",
    "cboVideoRemover": "Remove noise in video, give very good result but in return encode time will be longer\r\nCan't be used with GPU encoder",
    "tbVideoLineDarkener": "Make the line darker, best for Anime",
    "tbVideoSharpen": "Make the video sharper",
    "tbVideoWarpSharp": "Make the line slimmer, best for Anime",
    "cboVideoResize": "Change video resolution",
    "cboVideoSmooth": "60FPS frame interpolation give smoother video but in return encode time will be longer",
    "cboColorDebanding": "Remove color banding that happend with an old Anime file",
    "tbColorBrightness": "Video Brightness",
    "tbColorContrast": "Video Contrast",
    "tbColorSaturation": "Video Saturation",
    "cboAudioFormat": "Audio Encoder\r\nAAC for TV Anime\r\nFLAC for Blu-Ray Anime",
    "cboAudioQuality": "The AAC audio quality\r\nFLAC is not need, because it's lossless format",
	"cboAudioSampleRates": "Sample rate is the amount of audio samples of audio collected per second\r\nThe human ear can't distinguish the differences between frequencies 44.1 kHz and 48 kHz, but both are good\r\nJust in case, it is better to leave the same frequency as the source",
	"cboAudioTrack": "Select audio track from the source file",
	"cboAudioTrack2": "Select audio track from the source file",
    "tbVolumeSource": "Source Volume",
    "tbVolumeIntro": "Intro Volume",
    "tbVolumeEndCard": "EndCard Volume",
    "cboTransition": "Choose transition for Intro/EndCard",
    "txtIntroTransition": "Choose Custom Transition for Intro",
    "txtIntroTransitionOverlay": "Choose Custom Overlay Transition for Intro (Optional)",
    "txtEndCardTransition": "Choose Custom Transition for EndCard",
    "txtEndCardTransitionOverlay": "Choose Custom Overlay Transition for EndCard (Optional)",
    "txtLogo": "Logo file",
    "cboLogoBlend": "Choose Blend mode for Logo insertion",
    "tbLogoOpacity": "Logo opacity",
    "txtLogoSubtitle": "Logo subtitle file",
    "cboCIR": "Choose style",
    "tbRemoverLevel1": "Level 1",
    "tbRemoverLevel2": "Level 2",
    "txtOutput": "Choose the save location for output file",
	"btnAdd": "Add File",
	"btnDel": "Delete File",
	"btnSetting": "Settings",
	"btnInfo": "Information",
	"btnFonts": "Fonts Finder",
	"btnPreview": "Preview",
	"btnStart": "Start Encode",
	"btnStop": "Stop/Pause Encode",
	"btnReset": "Default Settings",
	"TogPreview": "Enable Preview",
	"btnPlay": "PLAY",
	"btnPause": "PAUSE",
	"btnStoped": "STOP",
	"btnDecreaseSpeed": "DECREASE SPEED",
	"btnIncreaseSpeed": "INCREASE SPEED",
	"btnPreviousFrame": "PREVIOUS FRAME",
	"btnNextFrame": "NEXT FRAME",
	"btnGoTo": "GO TO FRAME",
	"btnComp": "COMPARE MODE",
	"btnFullScreen": "FULL SCREEN",
	"btnMute": "MUTE"
  },
  "frmConfig": {
    "chkAutoSub": "Auto-Load Subtitle",
    "chkMT": "Multithreading",
    "chkSDL": "Preview while encoding (May affect performance)",
    "chkCRC32": "Add CRC32 at the end of filename",
    "lblAfterCompletion": "After Completion",
    "btnNotifySound": "None",
    "lblNotifySound": "Sound"
  },
  "avsMsg": {
    "AVS_LANGUAGE": "English",
    "COMMON_ERROR": "Error : Please Contact https://m.me/Konayuki.moe",
    "KONAYUKI_LOADER_ERROR": "Konayuki Loader Error : Please Contact https://m.me/Konayuki.moe",
    "SOURCE_LOADER_ERROR_LINE1": "",
    "SOURCE_LOADER_ERROR_LINE2": "SOURCE FILE NOT FOUND.",
    "SOURCE_LOADER_ERROR_LINE3": "",
    "SOURCE_INPUT_ERROR_LINE1": "SOURCE FILE NOT FOUND.",
    "SOURCE_INPUT_ERROR_LINE2": "If it still not working, Please Contact https://m.me/Konayuki.moe",
    "INTRO_ENDCARD_LOADER_ERROR_LINE1": "",
    "INTRO_ENDCARD_LOADER_ERROR_LINE2": "INTRO/ENDCARD FILE NOT FOUND.",
    "INTRO_ENDCARD_LOADER_ERROR_LINE3": "",
    "INTRO_ENDCARD_MUSIC_LOADER_ERROR_LINE1": "",
    "INTRO_ENDCARD_MUSIC_LOADER_ERROR_LINE2": "INTRO MUSIC/ENDCARD MUSIC FILE NOT FOUND.",
    "INTRO_ENDCARD_MUSIC_LOADER_ERROR_LINE3": "",
    "INTRO_ENDCARD_INPUT_ERROR_LINE1": "INTRO/ENDCARD FILE NOT FOUND.",
    "INTRO_ENDCARD_INPUT_ERROR_LINE2": "If it still not working, Please Contact https://m.me/Konayuki.moe",
    "RGBA_INPUT_ERROR": "RGBA Input Error : Please Contact https://m.me/Konayuki.moe",
    "SUBTITLE_EMPTY_ERROR": "PLEASE SELECT SUBTITLE FILE, OR DISABLE IT.",
    "SUBTITLE_LOADER_ERROR_LINE1": "",
    "SUBTITLE_LOADER_ERROR_LINE2": "SUBTITLE FILE NOT FOUND.",
    "SUBTITLE_LOADER_ERROR_LINE3": "",
    "SUBTITLE_INPUT_ERROR_LINE1": "SUBTITLE FILE NOT FOUND.",
    "SUBTITLE_INPUT_ERROR_LINE2": "If it still not working, Please Contact https://m.me/Konayuki.moe",
    "SUBTITLE_PGS_INPUT_ERROR_LINE1": "PGS SUBTITLE FILE NOT FOUND.",
    "SUBTITLE_PGS_INPUT_ERROR_LINE2": "If it still not working, Please Contact https://m.me/Konayuki.moe",
    "KARAOKE_OP_LOADER_ERROR_LINE1": "",
    "KARAOKE_OP_LOADER_ERROR_LINE2": "KARAOKE OP FILE NOT FOUND.",
    "KARAOKE_OP_LOADER_ERROR_LINE3": "",
    "KARAOKE_ED_LOADER_ERROR_LINE1": "",
    "KARAOKE_ED_LOADER_ERROR_LINE2": "KARAOKE ED FILE NOT FOUND.",
    "KARAOKE_ED_LOADER_ERROR_LINE3": "",
    "KARAOKE_INPUT_LOADER_ERROR_LINE1": "KARAOKE SUBTITLE FILE NOT FOUND.",
    "KARAOKE_INPUT_LOADER_ERROR_LINE2": "If it still not working, Please Contact https://m.me/Konayuki.moe",
    "KARAOKE_PGS_LOADER_ERROR_LINE1": "KARAOKE PGS SUBTITLE FILE NOT FOUND.",
    "KARAOKE_PGS_LOADER_ERROR_LINE2": "If it still not working, Please Contact https://m.me/Konayuki.moe",
    "GPU_WITH_NOISE_REMOVER": "GPU ENCODER NOT SUPPORTED NOISE REMOVER!",
    "ENHANCER_ERROR": "Enhancer Error : Please Contact https://m.me/Konayuki.moe",
    "COMPARE_BEFORE": "BEFORE",
    "COMPARE_AFTER": "AFTER",
    "COMPARE_DIFF1": "DIFFERENT",
    "COMPARE_DIFF2": "AMPLIFY DIFFERENT",
    "COMPARE_NO_DIFF": "THERE IS NO DIFFERENT TO COMPARE.",
    "LOGO_EMPTY_ERROR": "PLEASE SELECT LOGO FILE, OR DISABLE IT.",
    "LOGO_LOADER_ERROR_LINE1": "",
    "LOGO_LOADER_ERROR_LINE2": "LOGO FILE NOT FOUND.",
    "LOGO_LOADER_ERROR_LINE3": "",
    "LOGO_IMAGE_INPUT_ERROR_LINE1": "IMAGE LOGO FILE NOT FOUND.",
    "LOGO_IMAGE_INPUT_ERROR_LINE2": "If it still not working, Please Contact https://m.me/Konayuki.moe",
    "LOGO_VIDEO_INPUT_ERROR_LINE1": "VIDEO LOGO FILE NOT FOUND.",
    "LOGO_VIDEO_INPUT_ERROR_LINE2": "If it still not working, Please Contact https://m.me/Konayuki.moe",
    "LOGO_ASS_EMPTY_ERROR": "PLEASE SELECT SUBTITLE LOGO FILE, OR DISABLE IT.",
    "LOGO_ASS_LOADER_ERROR_LINE1": "",
    "LOGO_ASS_LOADER_ERROR_LINE2": "SUBTITLE LOGO FILE NOT FOUND.",
    "LOGO_ASS_LOADER_ERROR_LINE3": "",
    "LOGO_ASS_INPUT_ERROR_LINE1": "LOGO PGS FILE NOT FOUND.",
    "LOGO_ASS_INPUT_ERROR_LINE2": "If it still not working, Please Contact https://m.me/Konayuki.moe",
    "FADE_ERROR": "Fade Error : Please Contact https://m.me/Konayuki.moe",
    "DISSOLVE_ERROR": "Dissolve Error : Please Contact https://m.me/Konayuki.moe",
    "CUSTOM_TRANSITION_EMPTY_ERROR": "PLEASE SELECT CUSTOM TRANSITION FILE, OR DISABLE IT.",
    "CUSTOM_TRANSITION_LOADER_ERROR_LINE1": "",
    "CUSTOM_TRANSITION_LOADER_ERROR_LINE2": "CUSTOM TRANSITION FILE NOT FOUND.",
    "CUSTOM_TRANSITION_LOADER_ERROR_LINE3": "",
    "CUSTOM_TRANSITION_OVERLAY_LOADER_ERROR_LINE1": "",
    "CUSTOM_TRANSITION_OVERLAY_LOADER_ERROR_LINE2": "OVERLAY TRANSITION FILE NOT FOUND.",
    "CUSTOM_TRANSITION_OVERLAY_LOADER_ERROR_LINE3": "",
    "CUSTOM_TRANSITION_INPUT_ERROR_LINE1": "CUSTOM TRANSITION FILE NOT FOUND.",
    "CUSTOM_TRANSITION_INPUT_ERROR_LINE2": "If it still not working, Please Contact https://m.me/Konayuki.moe"
  }
}