﻿{
  "AuthorName": "Linkmadao",
  "AuthorEmail": "tiagos.miguel@outlook.com",
  "AuthorDescription": "Linguagem portuguesa para o KONAYUKI PLUS",
  "frmMain": {
    "lblSameInput": "Habilite essa opção para o caminho de saída ser o mesmo da entrada",
	"togSameInput": "Habilite essa opção para o caminho de saída ser o mesmo da entrada",
    "txtIntro": "Abertura",
    "txtIntroMusic": "Música de Abertura (Se o vídeo não tiver áudio, use uma imagem de abertura)",
    "txtEndCard": "Encerramento",
    "txtEndCardMusic": "Música de Encerramento (Se o vídeo não tiver áudio, use uma imagem de abertura)",
    "txtKaraokeOP": "Legenda do Karaoke de Abertura (Para karaoke separado da legenda principal)",
    "txtKaraokeED": "Legenda do Karaoke de Encerramento (Para karaoke separado da legenda principal)",
    "cboOPKaraoke": "Escolha o VSFilter para o arquivo do Karaoke de Abertura",
	"cboEDKaraoke": "Escolha o VSFilter para o arquivo do Karaoke de Encerramento",
    "txtSubtitle": "Legenda",
    "cboSubtitle": "Escolhe o VSFilter para a legenda",
    "txtClipDeailsAuthor": "Nome do Autor",
    "txtClipDeailsCopyright": "Direitos Autorais",
    "txtClipDeailsName": "Título",
    "txtClipDeailsDescription": "Descrição",
    "cboVideoEncoder": "Escolha o codificador de vídeo\r\nO H.264 é compatível com qualquer dispositivo\r\nO HEVC deixa o arquivo menor com a mesma qualidade do H.264, porém nem todos os dispositivos suportam ele",
    "cboVideoRaw": "Escolha a fonte correta da RAW para combinar o arquivo de legenda com o vídeo, da mesma forma que o aegisub",
    "tbVideo": "Escolha a qualidade do vídeo ajustando o valor CRF/QP.\r\nQuanto menor o valor, melhor a qualidade e maior o tamanho do arquivo, tendo resultado oposto caso o valor seja maior.\r\nO H.264 e o HEVC não usam os mesmos valores, por favor veja os valores recomendados",
    "cboVideoPreset": "A velocidade de codificação irá afetar o tamanho e a qualidade\r\nRecomendamos usar o médio",
    "cboVideoRemover": "A remoção de ruído do vídeo da um bom resultado, porém o tempo de codificação será maior\r\nNão pode ser usado com a codificação pela GPU",
    "tbVideoLineDarkener": "Torna a linha mais escura, melhor para Anime",
    "tbVideoSharpen": "Torna o vídeo mais nítido",
    "tbVideoWarpSharp": "Torna a linha mais fina, melhor para Anime",
    "cboVideoResize": "Mudar a resolução do vídeo",
    "cboVideoSmooth": "A interpolação de frames em 60FPS deixa o vídeo mais suave, porém o tempo de cofigicação será maior",
    "cboColorDebanding": "Remove as faixas coloridas que aparecem em vídeos de animes antigos",
    "tbColorBrightness": "Brilho",
    "tbColorContrast": "Contraste",
    "tbColorSaturation": "Saturação",
    "cboAudioFormat": "Codificador de Áudio\r\nAAC para Anime\r\nFLAC para Animes em Blu-Ray",
    "cboAudioQuality": "Qualidade do áudio do AAC\r\nO FLAC é um codificador de perda minima, então não possui controle",
	"cboAudioSamplesRates": "Taxa de amostragem é a quantidade de amostras do áudio coletadas por segundo\r\nO ouvido humano não consegue distinguir as diferenças entre as frequências 44,1 kHz e 48 kHz, porém ambas são boas\r\nPor via das dúvidas, é melhor deixar a mesma frequência que a da fonte.",
	"cboAudioTrack": "Escolha a faixa de áudio do arquivo",
	"cboAudioTrack2": "Escolha a faixa de áudio do arquivo",
    "tbVolumeSource": "Volume Principal",
    "tbVolumeIntro": "Volume da Abertura",
    "tbVolumeEndCard": "Volume do Encerramento",
    "cboTransition": "Escolha a transição para a/o Abertura/Encerramento",
    "txtIntroTransition": "Escolha uma Transição Personalizada para a Abertura",
    "txtIntroTransitionOverlay": "Escolha uma Transição de Sobreposição Personalizada para a Abertura (Opcional)",
    "txtEndCardTransition": "Escolha uma Transição Personalizada para o Encerramento",
    "txtEndCardTransitionOverlay": "Escolha uma Transição de Sobreposição Personalizada para o Encerramento (Opcional)",
    "txtLogo": "Arquivo da logo",
    "cboLogoBlend": "Escolha o modo de mesclagem para a inserção da logo",
    "tbLogoOpacity": "Opacidade da logo",
    "txtLogoSubtitle": "Legenda da logo",
    "cboCIR": "Escolha o estilo",
    "tbRemoverLevel1": "Nível 1",
    "tbRemoverLevel2": "Nível 2",
    "txtOutput": "Escolha o local de saída do arquivo",
	"btnAdd": "Adicionar Arquivo",
	"btnDel": "Remover Arquivo",
	"btnSetting": "Configurações",
	"btnInfo": "Informação",
	"btnFonts": "Procurar Fonte",
	"btnPreview": "Prever",
	"btnStart": "Iniciar Codfificação",
	"btnStop": "Parar/Pausar Codificação",
    "btnReset": "Configurações Iniciais",
	"TogPreview": "HABILITAR PREVISUALIZAÇÃO",
    	"btnPlay": "TOCAR",
    	"btnPause": "PAUSAR",
    	"btnStoped": "PARAR",
    	"btnDecreaseSpeed": "DIMINUIR VELOCIDADE ",
    	"btnIncreaseSpeed": "AUMENTAR VELOCIDADE",
    	"btnPreviousFrame": "VOLTAR UM FRAME",
    	"btnNextFrame": "AVANÇAR UM FRAME",
    	"btnGoTo": "IR PARA O FRAME",
    	"btnComp": "MODO DE COMPARAÇÃO",
    	"btnFullScreen": "TELA CHEIA",
    	"btnMute": "MUTAR"
  },
  "frmConfig": {
    "chkAutoSub": "Carregar Automaticamente a Legenda",
    "chkMT": "Multinúcleos",
    "chkSDL": "Prever enquanto codifica (Pode afetar a performance)",
    "chkCRC32": "Adicionar o CRC32 no final do nome do arquivo",
    "lblAfterCompletion": "Após Concluír",
    "btnNotifySound": "Modificar",
    "lblNotifySound": "Som"
  },
  "avsMsg": {
    "AVS_LANGUAGE": "Portugues-BR",
    "COMMON_ERROR": "Erro : Por favor, entre em contato conosco: https://m.me/Konayuki.moe",
    "KONAYUKI_LOADER_ERROR": "Erro ao Iniciar o Konayuki : Por favor, entre em contato conosco: https://m.me/Konayuki.moe",
    "SOURCE_LOADER_ERROR_LINE1": "",
    "SOURCE_LOADER_ERROR_LINE2": "{HIGHLIGHT}O arquivo não existe.{/HIGHLIGHT}",
    "SOURCE_LOADER_ERROR_LINE3": "",
    "SOURCE_INPUT_ERROR_LINE1": "{HIGHLIGHT}O arquivo de vídeo não existe.{/HIGHLIGHT}",
    "SOURCE_INPUT_ERROR_LINE2": "Caso ainda não esteja funcionando, entre em contato conosco: https://m.me/Konayuki.moe",
    "INTRO_ENDCARD_LOADER_ERROR_LINE1": "",
    "INTRO_ENDCARD_LOADER_ERROR_LINE2": "{HIGHLIGHT}O arquivo de Abertura/Encerramento não existe.{/HIGHLIGHT}",
    "INTRO_ENDCARD_LOADER_ERROR_LINE3": "",
    "INTRO_ENDCARD_MUSIC_LOADER_ERROR_LINE1": "",
    "INTRO_ENDCARD_MUSIC_LOADER_ERROR_LINE2": "{HIGHLIGHT}A música da/do Abertura/Encerramento não existe.{/HIGHLIGHT}",
    "INTRO_ENDCARD_MUSIC_LOADER_ERROR_LINE3": "",
    "INTRO_ENDCARD_INPUT_ERROR_LINE1": "{HIGHLIGHT}O arquivo de Abertura/Encerramento não existe.{/HIGHLIGHT}",
    "INTRO_ENDCARD_INPUT_ERROR_LINE2": "Caso ainda não esteja funcionando, entre em contato conosco: https://m.me/Konayuki.moe",
    "RGBA_INPUT_ERROR": "Erro de RGBA : Por favor, entre em contato conosco: https://m.me/Konayuki.moe",
    "SUBTITLE_EMPTY_ERROR": "Por favor, escolha um arquivo de Legenda ou desabilite-a.",
    "SUBTITLE_LOADER_ERROR_LINE1": "",
    "SUBTITLE_LOADER_ERROR_LINE2": "{HIGHLIGHT}O arquivo de Legenda não existe.{/HIGHLIGHT}",
    "SUBTITLE_LOADER_ERROR_LINE3": "",
    "SUBTITLE_INPUT_ERROR_LINE1": "{HIGHLIGHT}O arquivo de Legenda não existe.{/HIGHLIGHT}",
    "SUBTITLE_INPUT_ERROR_LINE2": "Caso ainda não esteja funcionando, entre em contato conosco: https://m.me/Konayuki.moe",
    "SUBTITLE_PGS_INPUT_ERROR_LINE1": "{HIGHLIGHT}O arquivo de Legenda PGS não existe.{/HIGHLIGHT}",
    "SUBTITLE_PGS_INPUT_ERROR_LINE2": "Caso ainda não esteja funcionando, entre em contato conosco: https://m.me/Konayuki.moe",
    "KARAOKE_OP_LOADER_ERROR_LINE1": "",
    "KARAOKE_OP_LOADER_ERROR_LINE2": "{HIGHLIGHT}O arquivo do Karaoke de Abertura não existe.{/HIGHLIGHT}",
    "KARAOKE_OP_LOADER_ERROR_LINE3": "",
    "KARAOKE_ED_LOADER_ERROR_LINE1": "",
    "KARAOKE_ED_LOADER_ERROR_LINE2": "{HIGHLIGHT}O arquivo do Karaoke de Encerramento não existe.{/HIGHLIGHT}",
    "KARAOKE_ED_LOADER_ERROR_LINE3": "",
    "KARAOKE_INPUT_LOADER_ERROR_LINE1": "{HIGHLIGHT}O arquivo do Karaoke não existe.{/HIGHLIGHT}",
    "KARAOKE_INPUT_LOADER_ERROR_LINE2": "Caso ainda não esteja funcionando, entre em contato conosco: https://m.me/Konayuki.moe",
    "KARAOKE_PGS_LOADER_ERROR_LINE1": "{HIGHLIGHT}O arquivo do Karaoke PGS não existe.{/HIGHLIGHT}",
    "KARAOKE_PGS_LOADER_ERROR_LINE2": "Caso ainda não esteja funcionando, entre em contato conosco: https://m.me/Konayuki.moe",
    "GPU_WITH_NOISE_REMOVER": "A GPU não suporta a Remoção de Ruídos do vídeo!",
    "ENHANCER_ERROR": "Erro de Potencialização : Por favor, entre em contato conosco: https://m.me/Konayuki.moe",
    "COMPARE_BEFORE": "Antes",
    "COMPARE_AFTER": "Depois",
    "COMPARE_DIFF1": "Diferença",
    "COMPARE_DIFF2": "Aumentar Diferença",
    "COMPARE_NO_DIFF": "Não é possível comparar porque não há diferença.",
    "LOGO_EMPTY_ERROR": "Por favor, selecione uma logo ou desabilite-a.",
    "LOGO_LOADER_ERROR_LINE1": "",
    "LOGO_LOADER_ERROR_LINE2": "{HIGHLIGHT}O arquivo da logo não existe.{/HIGHLIGHT}",
    "LOGO_LOADER_ERROR_LINE3": "",
    "LOGO_IMAGE_INPUT_ERROR_LINE1": "{HIGHLIGHT}O arquivo da logo não existe.{/HIGHLIGHT}",
    "LOGO_IMAGE_INPUT_ERROR_LINE2": "Caso ainda não esteja funcionando, entre em contato conosco: https://m.me/Konayuki.moe",
    "LOGO_VIDEO_INPUT_ERROR_LINE1": "{HIGHLIGHT}O arquivo da logo não existe.{/HIGHLIGHT}",
    "LOGO_VIDEO_INPUT_ERROR_LINE2": "Caso ainda não esteja funcionando, entre em contato conosco: https://m.me/Konayuki.moe",
    "LOGO_ASS_EMPTY_ERROR": "Por favor, selecione uma legenda da logo ou desabilite-a.",
    "LOGO_ASS_LOADER_ERROR_LINE1": "",
    "LOGO_ASS_LOADER_ERROR_LINE2": "{HIGHLIGHT}O arquivo da legenda da logo não existe.{/HIGHLIGHT}",
    "LOGO_ASS_LOADER_ERROR_LINE3": "",
    "LOGO_ASS_INPUT_ERROR_LINE1": "{HIGHLIGHT}O arquivo da legenda da logo PGS não existe.{/HIGHLIGHT}",
    "LOGO_ASS_INPUT_ERROR_LINE2": "Caso ainda não esteja funcionando, Por favor, entre em contato conosco: https://m.me/Konayuki.moe",
    "FADE_ERROR": "Erro de Esmaecer :  Por favor, entre em contato conosco: https://m.me/Konayuki.moe",
    "DISSOLVE_ERROR": "Erro de Desfazer : Por favor, entre em contato conosco: https://m.me/Konayuki.moe",
    "CUSTOM_TRANSITION_EMPTY_ERROR": "Por favor, selecione um arquivo de Transição Personalizada ou desabilite-o.",
    "CUSTOM_TRANSITION_LOADER_ERROR_LINE1": "",
    "CUSTOM_TRANSITION_LOADER_ERROR_LINE2": "{HIGHLIGHT}O arquivo de Transição Personalizada não existe.{/HIGHLIGHT}",
    "CUSTOM_TRANSITION_LOADER_ERROR_LINE3": "",
    "CUSTOM_TRANSITION_OVERLAY_LOADER_ERROR_LINE1": "",
    "CUSTOM_TRANSITION_OVERLAY_LOADER_ERROR_LINE2": "{HIGHLIGHT}O arquivo de Transição de Sobreposição não existe.{/HIGHLIGHT}",
    "CUSTOM_TRANSITION_OVERLAY_LOADER_ERROR_LINE3": "",
    "CUSTOM_TRANSITION_INPUT_ERROR_LINE1": "{HIGHLIGHT}O arquivo de Transição de Sobreposição não existe.{/HIGHLIGHT}",
    "CUSTOM_TRANSITION_INPUT_ERROR_LINE2": "Caso ainda não esteja funcionando, entre em contato conosco: https://m.me/Konayuki.moe"
  }
}