﻿{
  "AuthorName": "MinorMole",
  "AuthorEmail": "FansubTH.001@gmail.com",
  "AuthorDescription": "ภาษาไทยสำหรับ KONAYUKI PLUS",
  "frmMain": {
    "lblSameInput": "เปิดใช้งานเพื่อให้โฟลเดอร์ปลายทางเป็นโฟลเดอร์เดียวกับไฟล์ต้นทาง",
	"togSameInput": "เปิดใช้งานเพื่อให้โฟลเดอร์ปลายทางเป็นโฟลเดอร์เดียวกับไฟล์ต้นทาง",
    "txtIntro": "Intro",
    "txtIntroMusic": "ใส่เพลง Intro (ถ้าไม่ใส่คือไม่มีเสียง หรือใช้เสียงจากไฟล์วีดีโอ Intro)",
    "txtEndCard": "EndCard",
    "txtEndCardMusic": "ใส่เพลง EndCard (ถ้าไม่ใส่คือไม่มีเสียง หรือใช้เสียงจากไฟล์วีดีโอ EndCard)",
    "txtKaraokeOP": "ไฟล์ซับคาราโอเกะสำหรับ OP (สำหรับคนที่แยกไฟล์คาราโอเกะออกจากไฟล์ซับหลัก)",
    "txtKaraokeED": "ไฟล์ซับคาราโอเกะสำหรับ ED (สำหรับคนที่แยกไฟล์คาราโอเกะออกจากไฟล์ซับหลัก)",
    "cboOPKaraoke": "เลือก VSFilter สำหรับไฟล์ซับคาราโอเกะ OP",
	"cboEDKaraoke": "เลือก VSFilter สำหรับไฟล์ซับคาราโอเกะ ED",
    "txtSubtitle": "ไฟล์ซับ",
    "cboSubtitle": "เลือก VSFilter สำหรับไฟล์ซับ",
    "txtClipDeailsAuthor": "ชื่อผู้จัดทำ",
    "txtClipDeailsCopyright": "ชื่อเจ้าของลิขสิทธิ์",
    "txtClipDeailsName": "ชื่อเรื่อง",
    "txtClipDeailsDescription": "รายละเอียด",
    "cboVideoEncoder": "เลือกตัวเข้ารหัส\r\nH.264 จะเปิดใช้ได้กับทุกอุปกรณ์\r\nHEVC จะให้ไฟล์ขนาดเล็กในคุณภาพระดับเดียวกับ H.264 แต่อุปกรณ์ยังไม่ค่อยรองรับ",
    "cboVideoRaw": "เลือกไฟล์ Raw ให้ตรงชนิดเพื่อให้ซับตรงกับตอนทำใน Aegisub",
    "tbVideo": "ปรับคุณภาพของไฟล์โดยปรับค่า CRF/QP\r\nมีผลต่อขนาดไฟล์ ยิ่งปรับลดลง คุณภาพยิ่งดีขึ้น และไฟล์ที่ใหญ่ขึ้น, หากปรับค่ามากขึ้นจะให้ผลตรงกันข้าม\r\nH.264 กับ HEVC ใช้ค่าต่างกันโปรดดูจากค่า Recommend",
    "cboVideoPreset": "ความเร็วในการเอ็นโค้ดมีผลต่อคุณภาพและขนาดไฟล์\r\nแนะนำให้ใช้ Medium",
    "cboVideoRemover": "ลบ Noise ในวีดีโอ ให้ผลดีมากแต่จะทำให้เอ็นโค้ดช้าขึ้น\r\nไม่สามารถใช้กับการเอ็นโค้ดด้วยการ์ดจอได้",
    "tbVideoLineDarkener": "ทำให้เส้นเข้มขึ้นเหมาะกับอนิเมะจะทำให้ภาพดูมีมิติขึ้น",
    "tbVideoSharpen": "ทำให้ภาพคมขึ้น",
    "tbVideoWarpSharp": "ทำให้เส้นบางลง เพิ่มความคมของภาพ ใช้ได้ผลดีกับอนิเมะ",
    "cboVideoResize": "ปรับขนาดวีดีโอ",
    "cboVideoSmooth": "จำลองเฟรมเรทเป็น 60FPS เพิ่มความลื่นของภาพ แต่จะทำให้เอ็นโค้ดช้าขึ้น",
    "cboColorDebanding": "ลบอาการ Color Banding ซึ่งเกิดกับอนิเมะเก่าๆ",
    "tbColorBrightness": "เพิ่มความสว่างของภาพ",
    "tbColorContrast": "คอนทราสต์ของภาพ",
    "tbColorSaturation": "เพิ่มความสดของสีภาพ",
    "cboAudioFormat": "เลือกการเข้ารหัสเสียง\r\nAAC สำหรับอนิเมะ TV\r\nFLAC เหมาะกับอนิเมะ Blu-Ray",
    "cboAudioQuality": "ปรับคุณภาพของเสียงสำหรับการเข้ารหัส AAC\r\nสำหรับ FLAC ไม่จำเป็นเพราะเป็น Lossless",
	"cboAudioSampleRates": "Sampling Rate คือจำนวนของตัวอย่างเสียงที่มีในช่วงหนึ่งวินาที\r\nทั้ง 44.1 kHz และ 48 kHz ดีทั้งคู่ซึ่งหูของมนุษย์ไม่สามารถแยกความแตกต่างได้\r\nควรใช้ให้เหมือนต้นฉบับ",
	"cboAudioTrack": "เลือกแทร็กเสียงจากไฟล์ Source",
	"cboAudioTrack2": "เลือกแทร็กเสียงจากไฟล์ Source",
    "tbVolumeSource": "ปรับความดังเสียง Source",
    "tbVolumeIntro": "ปรับความดังเสียง Intro",
    "tbVolumeEndCard": "ปรับความดังเสียง EndCard",
    "cboTransition": "เลือก Transition สำหรับการแทรก Intro/EndCard",
    "txtIntroTransition": "เลือกไฟล์ Custom Transition สำหรับ Intro",
    "txtIntroTransitionOverlay": "เลือกไฟล์ Custom Overlay Transition สำหรับ Intro (ไม่จำเป็นต้องใส่)",
    "txtEndCardTransition": "เลือกไฟล์ Custom Transition สำหรับ EndCard",
    "txtEndCardTransitionOverlay": "เลือกไฟล์ Custom Overlay Transition สำหรับ EndCard (ไม่จำเป็นต้องใส่)",
    "txtLogo": "ไฟล์โลโก้",
    "cboLogoBlend": "เลือก Blend Mode สำหรับการแทรกโลโก้",
    "tbLogoOpacity": "ปรับความใสของโลโก้",
    "txtLogoSubtitle": "ไฟล์ซับโลโก้",
    "cboCIR": "เลือกรูปแบบ",
    "tbRemoverLevel1": "ปรับระดับ 1",
    "tbRemoverLevel2": "ปรับระดับ 2",
    "txtOutput": "เลือกตำแหน่งของการเซฟไฟล์ที่เอ็นโค้ดเสร็จแล้ว",
	"btnAdd": "เพิ่มไฟล์",
	"btnDel": "ลบไฟล์",
	"btnSetting": "ตั้งค่า",
	"btnInfo": "ข้อมูล",
	"btnFonts": "ค้นหาฟอนต์",
	"btnPreview": "พรีวิว",
	"btnStart": "เริ่มเอ็นโค้ด",
	"btnStop": "หยุดเอ็นโค้ด",
	"btnReset": "การตั้งค่าเริ่มต้น",
	"TogPreview": "เปิดใช้งานพรีวิว",
	"btnPlay": "เล่น",
	"btnPause": "หยุดชั่วคราว",
	"btnStoped": "หยุด",
	"btnDecreaseSpeed": "ลดความเร็ว",
	"btnIncreaseSpeed": "เพิ่มความเร็ว",
	"btnPreviousFrame": "เฟรมก่อนหน้า",
	"btnNextFrame": "เฟรมถัดไป",
	"btnGoTo": "ไปยังเฟรม",
	"btnComp": "โหมดเปรียบเทียบ",
	"btnFullScreen": "เต็มจอ",
	"btnMute": "ปิดเสียง"
  },
  "frmConfig": {
    "chkAutoSub": "โหลดไฟล์ซับอัตโนมัติ",
    "chkMT": "มัลติเธรด",
    "chkSDL": "พรีวิวขณะเอ็นโค้ด (อาจจะทำให้ประสิทธิภาพลดลง)",
    "chkCRC32": "ใส่ CRC32 ไว้ที่ท้ายชื่อไฟล์",
    "lblAfterCompletion": "หลังจากเอ็นโค้ดเสร็จ",
    "btnNotifySound": "ยังไม่ได้เลือก",
    "lblNotifySound": "เสียง"
  },
  "avsMsg": {
    "AVS_LANGUAGE": "Thai",
    "COMMON_ERROR": "ERROR : โปรดติดต่อที่เว็บไซต์ https://m.me/Konayuki.moe",
	"COMMON_SUPPORT": "ถ้ายังไม่สามารถแก้ไขได้โปรดติดต่อเพื่อขอความช่วยเหลือได้ที่ https://m.me/Konayuki.moe",
    "KONAYUKI_INPUT_ERROR": "LOADER ERROR : โปรดติดต่อที่เว็บไซต์ https://m.me/Konayuki.moe",
    "SOURCE_INPUT_ERROR": "ไม่พบไฟล์ Source",
    "INTRO_ENDCARD_INPUT_ERROR": "ไม่พบไฟล์ Intro/EndCard",
    "INTRO_ENDCARD_MUSIC_INPUT_ERROR": "ไม่พบไฟล์ Intro Music/EndCard Music",
    "RGBA_INPUT_ERROR": "RGBA INPUT ERROR : โปรดติดต่อที่เว็บไซต์ https://m.me/Konayuki.moe",
    "SUBTITLE_EMPTY_ERROR": "โปรดเลือกไฟล์ซับก่อน หรือถ้าไม่ต้องการฝังซับให้ปิดการใช้งานการฝังซับ",
    "SUBTITLE_INPUT_ERROR": "ไม่พบไฟล์ซับ",
    "SUBTITLE_PGS_INPUT_ERROR": "ไม่พบไฟล์ซับ PGS",
    "KARAOKE_OP_INPUT_ERROR": "ไม่พบไฟล์ซับ Karaoke OP",
    "KARAOKE_ED_INPUT_ERROR": "ไม่พบไฟล์ซับ Karaoke ED",
    "KARAOKE_INPUT_ERROR": "ไม่พบไฟล์ซับ Karaoke",
    "KARAOKE_PGS_INPUT_ERROR": "ไม่พบไฟล์ซับ Karaoke PGS",
    "ENHANCER_ERROR": "ENHANCER ERROR : โปรดติดต่อที่เว็บไซต์ https://m.me/Konayuki.moe",
    "COMPARE_BEFORE": "ก่อนปรับ",
    "COMPARE_AFTER": "หลังปรับ",
    "COMPARE_DIFF1": "ความแตกต่าง",
    "COMPARE_DIFF2": "ขยายความแตกต่าง",
    "COMPARE_NO_DIFF": "การเปรียบเทียบไม่มีความต่าง เพราะยังไม่ได้ปรับภาพใดๆ",
    "LOGO_EMPTY_ERROR": "โปรดเลือกไฟล์ Logo ก่อน หรือถ้าไม่ต้องการฝังโลโก้ให้ปิดการใช้งานการฝังโลโก้",
    "LOGO_INPUT_ERROR": "ไม่พบไฟล์ Logo",
    "LOGO_IMAGE_INPUT_ERROR": "ไม่พบไฟล์ภาพโลโก้",
    "LOGO_VIDEO_INPUT_ERROR": "ไม่พบไฟล์วีดีโอโลโก้",
    "LOGO_ASS_EMPTY_ERROR": "โปรดเลือกไฟล์ซับ Logo ก่อน หรือถ้าไม่ต้องการฝังซับ Logo ให้ปิดการใช้งานการฝังซับ Logo",
    "LOGO_ASS_INPUT_ERROR": "ไม่พบไฟล์ซับ Logo",
    "LOGO_PGS_INPUT_ERROR": "ไม่พบไฟล์ซับ Logo PGS",
    "FADE_ERROR": "FADE ERROR : โปรดติดต่อที่เว็บไซต์ https://m.me/Konayuki.moe",
    "DISSOLVE_ERROR": "DISSOLVE ERROR : โปรดติดต่อที่เว็บไซต์ https://m.me/Konayuki.moe",
    "CUSTOM_TRANSITION_EMPTY_ERROR": "โปรดเลือกไฟล์ Custom Transition ก่อน หรือถ้าไม่ต้องการใช้ให้ปิดการใช้งาน Custom Transition",
    "CUSTOM_TRANSITION_INPUT_ERROR": "ไม่พบไฟล์ Custom Transition",
    "CUSTOM_TRANSITION_OVERLAY_INPUT_ERROR": "ไม่พบไฟล์ Overlay Transition"
  }
}