{
  "AuthorName": "Prenses",
  "AuthorDiscord": "https://discordapp.com/invite/kXkg3pY",
  "AuthorDescription": "Türkçeye KONAYUKI PLUS için çevrilmiştir",
  "frmMain": {
    "lblSameInput": "Bunu etkinleştirirsen videonun çıkış klasörü videoyu aldığın klasör olur",
	"togSameInput": "Bunu etkinleştirirsen videonun çıkış klasörü videoyu aldığın klasör olur",
    "txtIntro": "İntro",
    "txtIntroMusic": "İntro Müziği (Alan doldurulmamışsa,İntro dosyasındaki sesi kullanır veya İntro için sadece resim kullanılırsa ses eklemez)",
    "txtEndCard": "Ending",
    "txtEndCardMusic": "Ending Müziği (Alan doldurulmamışsa,Ending dosyasındaki sesi kullanır veya Ending için sadece resim kullanılırsa ses eklemez)",
    "txtKaraokeOP": "OP Karaoke Altyazısı (Altyazıdan ayrılmış Karaoke dosyası için)",
    "txtKaraokeED": "ED Karaoke Altyazısı (Altyazıdan ayrılmış Karaoke dosyası için)",
    "txtSubtitle": "Altyazı",
    "txtClipDeailsAuthor": "Yazar İsmi",
    "txtClipDeailsCopyright": "Telif Hakkı İsmi",
    "txtClipDeailsName": "Başlık",
    "txtClipDeailsDescription": "Açıklama",
    "cboVideoEncoder": "Video kodlayıcısı seçiniz\r\nH.264 kodlama tüm cihazlarda uyumludur\r\nHEVC kodlama daha küçük dosya boyutu verir H.264'le hemen hemen aynı kalitededir ama sadece modern cihazları desteklemektedir.",
    "tbVideo": "CRF / QP değerini ayarlayarak video kalitesini seçiniz.\r\nDosya boyutunu yüksek derecede etkiler,değer ne kadar düşük olursa kalite o kadar yüksek olur ve dosya boyutu o kadar büyük olur,değer ne kadar yüksek olursa kalitede o kadar kötü olur.\r\nH.264 ve HEVC aynı değeri kullanmıyor,lütfen tavsiye edilen değeri kullanınız.",
    "cboVideoPreset": "Kodlama hızı, dosya boyutunu ve kalitesini etkiler \r\nMedium veya Balanced kullanmanızı tavsiye ediyorum.",
    "cboVideoRemover": "Videodaki gürültüyü giderir,çok iyi bir sonuç verir fakat kodlama süresini uzatacaktır.",
    "tbVideoLineDarkener": "Dizeleri daha koyu yapın,Anime için en iyi seçenek",
    "tbVideoSharpen": "Videoyu netleştirin",
    "tbVideoWarpSharp": "Dizeler daha ince olur,Anime için en iyi seçenek",
    "cboVideoResize": "Video çözünürlüğünü değiştiriniz",
    "cboVideoSmooth": "60FPS frame aracı video'yu yumuşaklaştırır fakat kodlama süresini çok fazla uzatır.",
    "cboColorDebanding": "Eski animelerde olan renk bandını kaldırın",
    "tbColorBrightness": "Video Parlaklığı",
    "tbColorContrast": "Video Karşılaştırması",
    "tbColorSaturation": "Video Canlılığı(RENK)",
    "cboAudioFormat": "Ses Kodlayıcısı\r\nTV Anime İçin AAC\r\nBlu-Ray Anime İçin FLAC",
    "cboAudioQuality": "AAC ses kalitesi\r\nFLAC gerekli değildir,çünkü kayıpsız bir formattır",
	"cboAudioSampleRates": "Örnekleme hızı saniyede toplanan ses örneklerinin miktarıdır\r\nİnsan kulağı, 44.1 kHz ve 48 kHz frekansları arasındaki farkı ayırt edemez, her ikisi de iyidir\r\nSadece kaynak dosyanın frekansı ile aynı bırakmak daha iyi olur",
	"cboAudioTrack": "Kaynak dosyasından ses parçası seçiniz",
	"cboAudioTrack2": "Kaynak dosyasından ses parçası seçiniz",
    "tbVolumeSource": "Kaynak Ses Düzeyi",
    "tbVolumeIntro": "İntro Ses Düzeyi",
    "tbVolumeEndCard": "Ending Ses Düzeyi",
    "cboTransition": "Özel İntro alanını seçiniz",
    "txtIntroTransition": "Özel Ending alanını seçiniz",
    "txtIntroTransitionOverlay": "İntro için yerleştirmek istedğiniz alanı seçiniz(Opsiyonel)",
    "txtEndCardTransition": "Özel Ending alanını seçiniz",
    "txtEndCardTransitionOverlay": "Ending için yerleştirmek istedğiniz alanı seçiniz(Opsiyonel)",
    "txtLogo": "Logo dosyası",
    "cboLogoBlend": "Logo eklemek için Blend modunu seçin",
    "tbLogoOpacity": "Logo opaklığı",
    "txtLogoSubtitle": "Logo altyazı dosyası",
    "cboCIR": "Stil seçiniz",
    "tbRemoverLevel1": "Level 1",
    "tbRemoverLevel2": "Level 2",
    "txtOutput": "Kodlamadan sonra video'yu nereye kaydedileceğini seçiniz",
	"btnAdd": "Dosya Ekle",
	"btnDel": "Dosya Sil",
	"btnSetting": "Ayarlar",
	"btnInfo": "Bilgi",
	"btnFonts": "Font Bulucu",
	"btnPreview": "Ön izleme",
	"btnStart": "Kodlamayı Başlat",
	"btnStop": "Kodlamayı Durdur/Başlat",
	"btnReset": "Fabrika Ayarları",
	"TogPreview": "Ön İzlemeyi Aç",
	"btnPlay": "BAŞLAT",
	"btnPause": "DURDUR",
	"btnStoped": "TAMAMİYLE DURDUR",
	"btnDecreaseSpeed": "DÜŞME HIZI",
	"btnIncreaseSpeed": "ARTIŞ HIZI",
	"btnPreviousFrame": "ÖNCEKİ SAHBE",
	"btnNextFrame": "SONRAKİ SAHNE",
	"btnGoTo": "SAHNEYE GİT",
	"btnComp": "KARŞILAŞTIRMA MODU",
	"btnFullScreen": "TAM EKRAN",
	"btnMute": "SUSTUR"
  },
  "frmConfig": {
    "chkAutoSub": "Altyazıyı Otomatik Yükle",
    "chkMT": "Çoklu Kullanım",
    "chkSDL": "Kodlama sırasında önizleme yap(Kodlama performansını etkileyebilir)",
    "chkCRC32": "CRC32'yi dosya sonuna ekleyin",
    "lblAfterCompletion": "Tamamladıktan sonra",
    "btnNotifySound": "Yok",
    "lblNotifySound": "Ses"
  },
  "avsMsg": {
    "AVS_LANGUAGE": "Türkçe",
    "COMMON_ERROR": "ERROR : Lütfen iletişime geçiniz https://m.me/Konayuki.moe",
	"COMMON_SUPPORT": "Hala çalışmıyorsa, lütfen iletişime geçiniz https://m.me/Konayuki.moe",
    "KONAYUKI_INPUT_ERROR": "LOADER ERROR : Lütfen iletişime geçiniz https://m.me/Konayuki.moe",
    "SOURCE_INPUT_ERROR": "KAYNAK DOSYASI BULUNAMADI",
    "INTRO_ENDCARD_INPUT_ERROR": "İNTRO/Ending DOSYASI BULUNAMADI",
    "INTRO_ENDCARD_MUSIC_INPUT_ERROR": "İNTRO MÜZİK/Ending MÜZİK DOSYASI BULUNAMADI",
    "RGBA_INPUT_ERROR": "RGBA INPUT ERROR : Lütfen iletişime geçiniz https://m.me/Konayuki.moe",
    "SUBTITLE_EMPTY_ERROR": "LÜTFEN ALTYAZI DOSYASI SEÇİNİZ YADA BU SEÇENEĞİ KAPATINIZ",
    "SUBTITLE_INPUT_ERROR": "ALTYAZI DOSYASI BULUNAMADI",
    "SUBTITLE_PGS_INPUT_ERROR": "PGS ALTYAZI DOSYASI BULUNAMADI",
    "KARAOKE_OP_INPUT_ERROR": "KARAOKE OP ALTYAZI DOSYASI BULUNAMADI",
    "KARAOKE_ED_INPUT_ERROR": "KARAOKE ED ALTYAZI DOSYASI BULUNAMADI",
    "KARAOKE_INPUT_ERROR": "KARAOKE ALTYAZI DOSYASI BULUNAMADI",
    "KARAOKE_PGS_INPUT_ERROR": "KARAOKE PGS ALTYAZI DOSYASI BULUNAMADI",
    "ENHANCER_ERROR": "ENHANCER ERROR : Lütfen iletişime geçiniz https://m.me/Konayuki.moe",
    "COMPARE_BEFORE": "ÖNCE",
    "COMPARE_AFTER": "SONRA",
    "COMPARE_DIFF1": "FARKLARI",
    "COMPARE_DIFF2": "BÜTÜN FARKLARI",
    "COMPARE_NO_DIFF": "KARŞILAŞTIRMAK İÇİN BİR TARAFIN FARKLI OLMASI GEREK",
    "LOGO_EMPTY_ERROR": "lÜTFEN LOGO DOSYASI SEÇİNİZ YADA BU SEÇENEĞİ KAPATINIZ",
    "LOGO_INPUT_ERROR": "LOGO DOSYASI BULUNAMADI",
    "LOGO_IMAGE_INPUT_ERROR": "RESİM LOGO DOSYASI BULUNAMADI",
    "LOGO_VIDEO_INPUT_ERROR": "VIDEO LOGO DOSYASI BULUNAMADI",
    "LOGO_ASS_EMPTY_ERROR": "lÜTFEN ALTYAZI LOGOSUNU DOSYASI SEÇİNİZ YADA BU SEÇENEĞİ KAPATINIZ",
    "LOGO_ASS_INPUT_ERROR": "ALTYAZI LOGO DOSYASI BULUNAMADI",
    "LOGO_PGS_INPUT_ERROR": "LOGO PGS DOSYASI BULUNAMADI",
    "FADE_ERROR": "FADE ERROR : Lütfen iletişime geçiniz https://m.me/Konayuki.moe",
    "DISSOLVE_ERROR": "DISSOLVE ERROR : Lütfen iletişime geçiniz https://m.me/Konayuki.moe",
    "CUSTOM_TRANSITION_EMPTY_ERROR": "LÜTFEN ÖZEL GEÇİŞ DOSYA SEÇİNİZ YADA BU SEÇENEĞİ KAPATINIZ",
    "CUSTOM_TRANSITION_INPUT_ERROR": "ÖZEL GEÇİŞ DOSYA BULUNAMADI",
    "CUSTOM_TRANSITION_OVERLAY_INPUT_ERROR": "GENEL DÖNÜŞ DOSYALARI BULUNAMADI"
  }
}