{
  "AuthorName": "Animuri Fansub",
  "AuthorFanpage": "https://www.facebook.com/Animuri.FS",
  "AuthorDescription": "Ngôn ngữ Tiếng Việt cho KONAYUKI PLUS",
  "frmMain": {
    "lblSameInput": "Bật tính năng này, tệp đầu ra sẽ cùng vị trí tệp đầu vào",
	"togSameInput": "Bật tính năng này, tệp đầu ra sẽ cùng vị trí tệp đầu vào",
    "txtIntro": "Intro",
    "txtIntroMusic": "Intro Music (Nếu không chọn, âm thanh từ Intro sẽ được sử dụng, hoặc không có âm thanh nếu sử dụng Hình cho Intro)",
    "txtEndCard": "EndCard",
    "txtEndCardMusic": "EndCard Music (Nếu không chọn, âm thanh từ EndCard sẽ được sử dụng, hoặc không có âm thanh nếu sử dụng Hình cho EndCard)",
    "txtKaraokeOP": "Phụ Đề OP Karaoke (Phụ đề OP Karaoke riêng biệt)",
    "txtKaraokeED": "Phụ Đề ED Karaoke (Phụ đề ED Karaoke riêng biệt)",
    "txtSubtitle": "Phụ Đề",
    "txtClipDeailsAuthor": "Tên Nhóm/Cá Nhân",
    "txtClipDeailsCopyright": "Copyright Name",
    "txtClipDeailsName": "Tên Anime/Phim",
    "txtClipDeailsDescription": "Mô tả",
    "cboVideoEncoder": "Bộ mã hóa video (video encoder).\r\nH.264 tương thích với hầu hết thiết bị.\r\nHEVC cho dung lượng nhỏ hơn với cùng chất lượng như H.264 nhưng một số thiết bị cũ sẽ không xem được.",
    "tbVideo": "Chọn chất lượng video bằng cách điều chỉnh giá trị CRF/QP (H.264/HEVC).\r\nGiá trị càng thấp thì chất lượng càng tốt và dung lượng càng lớn.\r\nH.264 and HEVC không dùng chung một bảng giá trị.\r\nKhuyến nghị 16-23 cho H.264.\r\n18-25 cho HEVC."
    "cboVideoPreset": "Tốc độ sẽ ảnh hưởng đến kích thước và chất lượng tệp.\r\nKhuyến nghị Slow/Slower hoặc Medium.",
    "cboVideoRemover": "Khử noise(nhiễu) trong video, nhưng thời gian mã hóa sẽ lâu hơn khá nhiều.\r\n(Nên tìm hiểu trước khi sử dụng)",
    "tbVideoLineDarkener": "Làm cho đường kẻ tối hơn, phù hợp với Anime.\r\n(Nên tìm hiểu trước khi sử dụng)",
    "tbVideoSharpen": "Làm video 'nét' hơn.\r\n(Nên tìm hiểu trước khi sử dụng)",
    "tbVideoWarpSharp": "Làm cho đường kẻ mỏng hơn, phù hợp với Anime.\r\n(Nên tìm hiểu trước khi sử dụng)",
    "cboVideoResize": "Thay đổi độ phân giải.",
    "cboVideoSmooth": "Nội suy 60FPS, mượt mà hơn nhưng thời gian mã hóa sẽ lâu hơn nhiều.\r\n(Sử dụng mã nguồn svpflow, hiện nay đã có nội suy AI tốt hơn,\r\ntuy nhiên chỉ hoạt động tốt trên những dòng GPU cực mạnh)",
    "cboColorDebanding": "Xóa dải màu.\r\n(Nên tìm hiểu trước khi sử dụng)",
    "tbColorBrightness": "Độ sáng",
    "tbColorContrast": "Độ tương phản",
    "tbColorSaturation": "Độ bão hòa",
    "cboAudioFormat": "Bộ mã hóa âm thanh (audio encoder).\r\nAAC cho TV Anime\r\nFLAC cho Blu-Ray Anime.\r\n(Khuyến nghị AAC vì hầu hết mọi người có màn hình FHD thay vì dàn âm thanh chất lượng,\r\nngoài ra sự khác biệt là nhỏ, tai người khó phân biệt được,\r\nđồng thời tiết kiệm nhiều dung lượng.)",
    "cboAudioQuality": "Chất lượng âm thanh cho AAC.\r\nKhông cần thiết cho FLAC vì đây là định dạng lossless.",
	"cboAudioSampleRates": "Tần số lấy mẫu là lượng mẫu âm thanh được ghi trong một giây.\r\nTai người không thể phân biệt sự khác biệt giữa tần số 44,1 kHz và 48 kHz, cả hai đều tốt.\r\nTrong hầu hết trường hợp, tốt nhất là để cùng tần suất với tệp nguồn",
	"cboAudioTrack": "Chọn track âm thanh từ tệp nguồn",
	"cboAudioTrack2": "Chọn track âm thanh từ tệp nguồn",
    "tbVolumeSource": "Âm lượng tệp nguồn",
    "tbVolumeIntro": "Âm lượng Intro",
    "tbVolumeEndCard": "Âm lượng EndCard",
    "cboTransition": "Chọn hiệu ứng chuyển cảnh cho Intro/EndCard",
    "txtIntroTransition": "Tùy chỉnh thêm chuyển cảnh Intro",
    "txtIntroTransitionOverlay": "Overlay tùy chỉnh cho Intro (Tùy chọn)",
    "txtEndCardTransition": "Tùy chỉnh thêm chuyển cảnh EndCard",
    "txtEndCardTransitionOverlay": "Overlay tùy chỉnh cho EndCard (Tùy chọn)",
    "txtLogo": "Tệp Logo",
    "cboLogoBlend": "Chọn chế độ Blend cho Logo",
    "tbLogoOpacity": "Độ trong suốt",
    "txtLogoSubtitle": "Tệp phụ đề Logo",
    "cboCIR": "Chọn style",
    "tbRemoverLevel1": "Level 1",
    "tbRemoverLevel2": "Level 2",
    "txtOutput": "Chọn vị trí lưu cho video đầu ra",
	"btnAdd": "Thêm Tệp",
	"btnDel": "Xóa Tệp",
	"btnSetting": "Cài Đặt",
	"btnInfo": "Thông Tin Chi Tiết",
	"btnFonts": "Công cụ tìm Fonts",
	"btnPreview": "Xem trước",
	"btnStart": "Bắt Đầu Encode",
	"btnStop": "Dừng/Hủy Encode",
	"btnReset": "Cài Đặt Mặc Định",
	"TogPreview": "Bật tính năng Xem trước",
	"btnPlay": "PLAY",
	"btnPause": "PAUSE",
	"btnStoped": "STOP",
	"btnDecreaseSpeed": "GIẢM TỐC ĐỘ",
	"btnIncreaseSpeed": "TĂNG TỐC ĐỘ",
	"btnPreviousFrame": "KHUNG HÌNH TRƯỚC",
	"btnNextFrame": "KHUNG HÌNH SAU",
	"btnGoTo": "NHẢY TỚI KHUNG HÌNH",
	"btnComp": "CHẾ ĐỘ SO SÁNH",
	"btnFullScreen": "TOÀN MÀN HÌNH",
	"btnMute": "TẮT ÂM"
  },
  "frmConfig": {
    "chkAutoSub": "Tự động Load Phụ Đề",
    "chkMT": "Đa luồng",
    "chkSDL": "Xem trước trong khi mã hóa (Có thể ảnh hưởng đến hiệu suất)",
    "chkCRC32": "Thêm mã CRC32 vào cuối tên tệp đầu ra",
    "lblAfterCompletion": "Sau khi Hoàn Thành",
    "btnNotifySound": "Không",
    "lblNotifySound": "Âm báo"
  },
  "avsMsg": {
    "AVS_LANGUAGE": "Tiếng Việt / Vietnamese",
    "COMMON_ERROR": "Lỗi : Vui lòng liên hệ https://m.me/Konayuki.moe",
	"COMMON_SUPPORT": "Nếu vẫn không hoạt động, vui lòng liên hệ https://m.me/Konayuki.moe",
    "KONAYUKI_INPUT_ERROR": "LỖI LOADER: Vui lòng liên hệ https://m.me/Konayuki.moe",
    "SOURCE_INPUT_ERROR": "KHÔNG TÌM THẤY TỆP NGUỒN",
    "INTRO_ENDCARD_INPUT_ERROR": "KHÔNG TÌM THẤY TỆP INTRO/ENDCARD",
    "INTRO_ENDCARD_MUSIC_INPUT_ERROR": "KHÔNG TÌM THẤY TỆP INTRO MUSIC/ENDCARD MUSIC",
    "RGBA_INPUT_ERROR": "LỖI ĐẦU VÀO RGBA: Vui lòng liên hệ https://m.me/Konayuki.moe",
    "SUBTITLE_EMPTY_ERROR": "VUI LÒNG CHỌN TỆP PHỤ ĐỀ HOẶC BỎ CHỌN",
    "SUBTITLE_INPUT_ERROR": "KHÔNG TÌM THẤY TỆP PHỤ ĐỀ",
    "SUBTITLE_PGS_INPUT_ERROR": "KHÔNG TÌM THẤY TỆP PGS",
    "KARAOKE_OP_INPUT_ERROR": "KHÔNG TÌM THẤY TỆP KARAOKE OP",
    "KARAOKE_ED_INPUT_ERROR": "KHÔNG TÌM THẤY TỆP KARAOKE ED",
    "KARAOKE_INPUT_ERROR": "KHÔNG TÌM THẤY TỆP KARAOKE",
    "KARAOKE_PGS_INPUT_ERROR": "KHÔNG TÌM THẤY TỆP KARAOKE PGS",
    "ENHANCER_ERROR": "LỖI ENHANCER: Vui lòng liên hệ https://m.me/Konayuki.moe",
    "COMPARE_BEFORE": "TRƯỚC",
    "COMPARE_AFTER": "SAU",
    "COMPARE_DIFF1": "KHÁC BIỆT",
    "COMPARE_DIFF2": "KHÁC BIỆT AMPLIFY",
    "COMPARE_NO_DIFF": "KHÔNG CÓ SỰ KHÁC BIỆT ĐỂ SO SÁNH",
    "LOGO_EMPTY_ERROR": "VUI LÒNG CHỌN TỆP LOGO HOẶC BỎ CHỌN",
    "LOGO_INPUT_ERROR": "KHÔNG TÌM THẤY TỆP LOGO",
    "LOGO_IMAGE_INPUT_ERROR": "KHÔNG TÌM THẤY TỆP HÌNH ẢNH LOGO",
    "LOGO_VIDEO_INPUT_ERROR": "KHÔNG TÌM THẤY TỆP VIDEO LOGO",
    "LOGO_ASS_EMPTY_ERROR": "VUI LÒNG CHỌN TỆP PHỤ ĐỀ LOGO, HOẶC BỎ CHỌN",
    "LOGO_ASS_INPUT_ERROR": "KHÔNG TÌM THẤY TỆP PHỤ ĐỀ LOGO",
    "LOGO_PGS_INPUT_ERROR": "KHÔNG TÌM THẤY TỆP LOGO PGS",
    "FADE_ERROR": "LỖI FADE: Vui lòng liên hệ https://m.me/Konayuki.moe",
    "DISSOLVE_ERROR": "LỖI DISSOLVE: Vui lòng liên hệ https://m.me/Konayuki.moe",
    "CUSTOM_TRANSITION_EMPTY_ERROR": "VUI LÒNG CHỌN TỆP TÙY CHỈNH CHUYỂN CẢNH HOẶC BỎ CHỌN",
    "CUSTOM_TRANSITION_INPUT_ERROR": "KHÔNG TÌM THẤY TỆP TÙY CHỈNH CHUYỂN CẢNH",
    "CUSTOM_TRANSITION_OVERLAY_INPUT_ERROR": "KHÔNG TÌM THẤY TỆP OVERLAY TÙY CHỈNH"
  }
}