{
  "AuthorName": "Proflylab",
  "AuthorEmail": "proflylab@protonmail.com",
  "AuthorDescription": "English for Konayuki Plus",
  "frmMain": {
    "txtIntro": "Intro",
    "txtIntroMusic": "Intro Music (If blank music from Intro will be used, or no sound if use Intro picture)",
    "txtEndCard": "EndCard",
    "txtEndCardMusic": "EndCard Music (If blank music from EndCard will be used, or no sound if use EndCard picture)",
    "txtKaraokeOP": "OP Karaoke Subtitle (For separated Karaoke file from main subtitle)",
    "txtKaraokeED": "ED Karaoke Subtitle (For separated Karaoke file from main subtitle)",
    "cboKaraoke": "Choose VSFilter for Karaoke file",
    "txtSubtitle": "Subtitle",
    "cboSubtitle": "Choose VSFilter for subtitle",
    "txtClipDeailsAuthor": "Author Name",
    "txtClipDeailsCopyright": "Copyright Name",
    "txtClipDeailsName": "Title Name",
    "txtClipDeailsDescription": "Description",
    "cboVideoEncoder": "Choose video encoder\r\nH.264 is compatible with any device\r\nHEVC give smaller size with the same quality as H.264 but not any device is supported",
    "cboVideoRaw": "Choose the corrected Raw source to match the subtitle with video as same as show in Aegisub",
    "tbVideo": "Choose video quality, will affect file size\r\nH.264 and HEVC not use the same value please see the recommend value",
    "cboVideoPreset": "The speed of encoder, will affect file size and quality\r\nRecommend to use Medium",
    "cboVideoRemover": "Remove noise in video, give very good result but in return encode time will be longer\r\nCan't be used with GPU encoder",
    "tbVideoLineDarkener": "Make the line darker, best for Anime",
    "tbVideoSharpen": "Make the video sharper",
    "tbVideoWarpSharp": "Make the line slimmer, best for Anime",
    "cboVideoResize": "Change video resolution",
    "cboVideoSmooth": "60FPS frame interpolation give smoother video but in return encode time will be longer",
    "cboColorDebanding": "Remove color banding that happend with an old Anime file",
    "tbColorBrightness": "Video Brightness",
    "tbColorContrast": "Video Contrast",
    "tbColorSaturation": "Video Saturation",
    "cboAudioFormat": "Audio Encoder\r\nAAC for TV Anime\r\nFLAC for Blu-Ray Anime",
    "cboAudioQuality": "The AAC audio quality\r\nFLAC is not need, because it's lossless format",
    "tbVolumeSource": "Source Volume",
    "tbVolumeIntro": "Intro Volume",
    "tbVolumeEndCard": "EndCard Volume",
    "cboTransition": "Choose transition for Intro/EndCard",
    "txtIntroTransition": "Choose Custom Transition for Intro",
    "txtIntroTransitionOverlay": "Choose Custom Overlay Transition for Intro (Optional)",
    "txtEndCardTransition": "Choose Custom Transition for EndCard",
    "txtEndCardTransitionOverlay": "Choose Custom Overlay Transition for EndCard (Optional)",
    "txtLogo": "Logo file",
    "cboLogoBlend": "Choose Blend mode for Logo insertion",
    "tbLogoOpacity": "Logo opacity",
    "txtLogoSubtitle": "Logo subtitle file",
    "cboCIR": "Choose style",
    "tbRemoverLevel1": "Level 1",
    "tbRemoverLevel2": "Level 2",
    "txtOutput": "Choose the save location for output file",
	"btnAdd": "Add File",
	"btnDel": "Delete File",
	"btnSetting": "Settings",
	"btnInfo": "Information",
	"btnPreview": "Preview",
	"btnStart": "Start Encode",
	"btnStop": "Stop/Pause Encode"
  },
  "frmConfig": {
    "chkAutoSub": "Auto-Load Subtitle",
    "chkMT": "Multithreading",
    "chkSDL": "Preview while encoding (May affect performance)",
    "chkCRC32": "Add CRC32 at the end of filename",
    "lblAfterCompletion": "After Completion",
    "btnNotifySound": "None",
    "lblNotifySound": "Sound"
  }
}