﻿{
  "AuthorName": "Proflylab",
  "AuthorEmail": "proflylab@protonmail.com",
  "AuthorDescription": "ภาษาไทยสำหรับ Konayuki Plus",
  "frmMain": {
    "txtIntro": "Intro",
    "txtIntroMusic": "ใส่เพลง Intro (ถ้าไม่ใส่คือไม่มีเสียง หรือใช้เสียงจากไฟล์วีดีโอ Intro)",
    "txtEndCard": "EndCard",
    "txtEndCardMusic": "ใส่เพลง EndCard (ถ้าไม่ใส่คือไม่มีเสียง หรือใช้เสียงจากไฟล์วีดีโอ EndCard)",
    "txtKaraokeOP": "ไฟล์ซับคาราโอเกะสำหรับ OP (สำหรับคนที่แยกไฟล์คาราโอเกะออกจากไฟล์ซับหลัก)",
    "txtKaraokeED": "ไฟล์ซับคาราโอเกะสำหรับ ED (สำหรับคนที่แยกไฟล์คาราโอเกะออกจากไฟล์ซับหลัก)",
    "cboKaraoke": "เลือก VSFilter สำหรับไฟล์ซับคาราโอเกะ",
    "txtSubtitle": "ไฟล์ซับ",
    "cboSubtitle": "เลือก VSFilter สำหรับไฟล์ซับ",
    "txtClipDeailsAuthor": "ชื่อผู้จัดทำ",
    "txtClipDeailsCopyright": "ชื่อเจ้าของลิขสิทธิ์",
    "txtClipDeailsName": "ชื่อเรื่อง",
    "txtClipDeailsDescription": "รายละเอียด",
    "cboVideoEncoder": "เลือกตัวเข้ารหัส\r\nH.264 จะเปิดใช้ได้กับทุกอุปกรณ์\r\nHEVC จะให้ไฟล์ขนาดเล็กในคุณภาพระดับเดียวกับ H.264 แต่อุปกรณ์ยังไม่ค่อยรองรับ",
    "cboVideoRaw": "เลือกไฟล์ Raw ให้ตรงชนิดเพื่อให้ซับตรงกับตอนทำใน Aegisub",
    "tbVideo": "ปรับคุณภาพของไฟล์ มีผลต่อขนาดไฟล์\r\nH.264 กับ HEVC ใช้ค่าต่างกันโปรดดูจากค่า Recommend",
    "cboVideoPreset": "ความเร็วในการเอ็นโค้ดมีผลต่อคุณภาพและขนาดไฟล์\r\nแนะนำให้ใช้ Medium",
    "cboVideoRemover": "ลบ Noise ในวีดีโอ ให้ผลดีมากแต่จะทำให้เอ็นโค้ดช้าขึ้น\r\nไม่สามารถใช้กับการเอ็นโค้ดด้วยการ์ดจอได้",
    "tbVideoLineDarkener": "ทำให้เส้นเข้มขึ้นเหมาะกับอนิเมะจะทำให้ภาพดูมีมิติขึ้น",
    "tbVideoSharpen": "ทำให้ภาพคมขึ้น",
    "tbVideoWarpSharp": "ทำให้เส้นบางลง เพิ่มความคมของภาพ ใช้ได้ผลดีกับอนิเมะ",
    "cboVideoResize": "ปรับขนาดวีดีโอ",
    "cboVideoSmooth": "จำลองเฟรมเรทเป็น 60FPS เพิ่มความลื่นของภาพ แต่จะทำให้เอ็นโค้ดช้าขึ้น",
    "cboColorDebanding": "ลบอาการ Color Banding ซึ่งเกิดกับอนิเมะเก่าๆ",
    "tbColorBrightness": "เพิ่มความสว่างของภาพ",
    "tbColorContrast": "คอนทราสต์ของภาพ",
    "tbColorSaturation": "เพิ่มความสดของสีภาพ",
    "cboAudioFormat": "เลือกการเข้ารหัสเสียง\r\nAAC สำหรับอนิเมะ TV\r\nFLAC เหมาะกับอนิเมะ Blu-Ray",
    "cboAudioQuality": "ปรับคุณภาพของเสียงสำหรับการเข้ารหัส AAC\r\nสำหรับ FLAC ไม่จำเป็นเพราะเป็น Lossless",
    "tbVolumeSource": "ปรับความดังเสียง Source",
    "tbVolumeIntro": "ปรับความดังเสียง Intro",
    "tbVolumeEndCard": "ปรับความดังเสียง EndCard",
    "cboTransition": "เลือก Transition สำหรับการแทรก Intro/EndCard",
    "txtIntroTransition": "เลือกไฟล์ Custom Transition สำหรับ Intro",
    "txtIntroTransitionOverlay": "เลือกไฟล์ Custom Overlay Transition สำหรับ Intro (ไม่จำเป็นต้องใส่)",
    "txtEndCardTransition": "เลือกไฟล์ Custom Transition สำหรับ EndCard",
    "txtEndCardTransitionOverlay": "เลือกไฟล์ Custom Overlay Transition สำหรับ EndCard (ไม่จำเป็นต้องใส่)",
    "txtLogo": "ไฟล์โลโก้",
    "cboLogoBlend": "เลือก Blend Mode สำหรับการแทรกโลโก้",
    "tbLogoOpacity": "ปรับความใสของโลโก้",
    "txtLogoSubtitle": "ไฟล์ซับโลโก้",
    "cboCIR": "เลือกรูปแบบ",
    "tbRemoverLevel1": "ปรับระดับ 1",
    "tbRemoverLevel2": "ปรับระดับ 2",
    "txtOutput": "เลือกตำแหน่งของการเซฟไฟล์ที่เอ็นโค้ดเสร็จแล้ว"
  },
  "frmConfig": {
    "chkAutoSub": "โหลดไฟล์ซับอัตโนมัติ",
    "chkMT": "มัลติเธรด",
    "chkSDL": "พรีวิวขณะเอ็นโค้ด (อาจจะทำให้ประสิทธิภาพลดลง)",
    "chkCRC32": "ใส่ CRC32 ไว้ที่ท้ายชื่อไฟล์",
    "lblAfterCompletion": "หลังจากเอ็นโค้ดเสร็จ",
    "btnNotifySound": "ยังไม่ได้เลือก",
    "lblNotifySound": "เสียง"
  }
}